"title, company, location, link"
"Teachers for English reading, writing, Negotiation Skills, Python etc",Chicago North Shore Chinese Center,Remote,https://www.indeed.com/viewjob?jk=0a9542edd64e8b79
"Python with CLI , 4G/LTE/5G(100% Remote)",keywordsolutions,Remote,https://www.indeed.com/viewjob?jk=8e54d5740a8f247e
Python/Django Developer,Weems Design Studio,Remote,https://www.indeed.com/viewjob?jk=62b931a05b0305e7
Python Developer - Pyspark,Vision,"Plano, TX",https://www.indeed.com/viewjob?jk=f60f9a8317121feb
Python Developer Intern,OXO Solutions,"Ruby, SC",https://www.indeed.com/viewjob?jk=84a541c104b5b24c
Python Developer,Apexa Corp,Remote,https://www.indeed.com/viewjob?jk=76e0b2b6d0c888b9
Statistical Associate,Spreetail,"Omaha, NE",https://www.indeed.com/viewjob?jk=9ec6baaf44f08377
Remote Entry Level Application Developer $58hr,MMC Group,"Austin, TX",https://www.indeed.com/viewjob?jk=2fc1f05450df271e
Technology Internship Program,Engineers Gate,Remote,https://www.indeed.com/viewjob?jk=debdd740b190e94e
Summer 2021 - Software Engineering Intern,Workiva,"Ames, IA",https://www.indeed.com/viewjob?jk=362eff969c7ff22d
Python Programmer,Inter Sources Inc,"Alpharetta, GA",https://www.indeed.com/viewjob?jk=4ee1cb13d8d028dc
Entry Level Python Test Engineer,HCL America Inc,"Sacramento, CA",https://www.indeed.com/viewjob?jk=ced77297128f90b3
Python Developer with ETL,Pinnacle Inc,"West Des Moines, IA",https://www.indeed.com/viewjob?jk=0a6c75840a4eaaea
Python/Django Developer,Emory Technologies Inc - Hiring for Client,Remote,https://www.indeed.com/viewjob?jk=e169a07d77052dd9
Intermediate Python Developer to Update Codebase,Barnstorm VFX,"Burbank, CA",https://www.indeed.com/viewjob?jk=41b32b3276f03c3a
Python Developer (AI),Kordspace,"Denver, CO",https://www.indeed.com/viewjob?jk=e93e6a9ea4b63929
Python Developer,RedZone Software,"Boulder, CO",https://www.indeed.com/viewjob?jk=48ec6f358a3872a7
Customer Support Representative,CodeCombat,Remote,https://www.indeed.com/viewjob?jk=1534083f45439429
Data Analyst with Python Programming,Solytics Partners LLC,Remote,https://www.indeed.com/viewjob?jk=427c53530ba537f6
Junior Trader,Faraday Capital Partners,"Fort Worth, TX",https://www.indeed.com/viewjob?jk=cedc8452b6422d0f
Jr Cloud Practitioner,Lowers Risk Group LLC,Remote,https://www.indeed.com/viewjob?jk=3c24d8f8793805fe
Python Programmer,HiredVirtual,"Lago Vista, TX",https://www.indeed.com/viewjob?jk=a99b41ebaa37d2de
Atmospheric Scientist I,"Science System and Applications, Inc.","Omaha, NE",https://www.indeed.com/viewjob?jk=0cc3a074c4b51d23
Data Scientist (REMOTE),Neal Analytics,"Redmond, WA",https://www.indeed.com/viewjob?jk=82b23b23efa2e6dd
Python Developer,Adven It Technologies,"Texas, VT",https://www.indeed.com/viewjob?jk=13ff0ea60eda77ff
Python Developer,Emonics LLC,"Jersey City, NJ",https://www.indeed.com/viewjob?jk=f2eddcb8d27698cd
Java/Python SDET - FULL REMOTE,Nidish LLC,Remote,https://www.indeed.com/viewjob?jk=33a4d6d39198cb1e
Python Chatbot Developer - 100% Remote,eTek IT Service | Savvysol,Remote,https://www.indeed.com/viewjob?jk=f9c4027d54828c68
Jr. Trading & Operations Associate,Artemis Capital Management,"Austin, TX",https://www.indeed.com/viewjob?jk=96db76e8b3339f03
Data Center Engineer I,Verizon Media,"Omaha, NE",https://www.indeed.com/viewjob?jk=db9260a9207bfaa1
Software Development Engineer - QML/Python,"Amick Brown, LLC","Raleigh, NC",https://www.indeed.com/viewjob?jk=78df3a55445ad8ef
Python Developer,Zenaide,"San Jose, CA",https://www.indeed.com/viewjob?jk=f133a9ab02452337
Start up looking for Ecommerce Sr. Python Dev/Full Stack,RTRP,"Austin, TX",https://www.indeed.com/viewjob?jk=9f89933e6260f4fe
39878,Zachary Piper Solutions LLC,Remote,https://www.indeed.com/viewjob?jk=9dfd34b97abe766a
Job opportunity for Python Developer Austin TX,TALENTECH DIGITAL LLC,"Austin, TX",https://www.indeed.com/viewjob?jk=b1761c219bbc25c0
Data Analyst (Entry Level),BTP,"Weston, FL",https://www.indeed.com/viewjob?jk=6ed39072a9b33e0f
Python Programmer,Clinovo,"Raleigh, NC",https://www.indeed.com/viewjob?jk=34569b6ee0058e22
Data Analyst Intern,Mann+Hummel,"Raleigh, NC",https://www.indeed.com/viewjob?jk=70681f6eeae5341a
Metasearch Associate Analyst,Sojern,"Omaha, NE",https://www.indeed.com/viewjob?jk=b36678c6ff9728a9
Entry Level Python Developer,Core Soft Tech,"Santa Clara, CA",https://www.indeed.com/viewjob?jk=e197bb00f56ac71f
Data Science Intern,Valmont Industries,"Omaha, NE",https://www.indeed.com/viewjob?jk=33bb68840521ddb2
Jr Python Developer,Digital Dhara,"San Jose, CA",https://www.indeed.com/viewjob?jk=eca484d5fe467fca
Intelligence Analyst,Inter-Con Security Systems,Remote,https://www.indeed.com/viewjob?jk=ff15c1f66e0f49bb
Engineering Intern - Gaming,Virtual Athletics League,"Salt Lake City, UT",https://www.indeed.com/viewjob?jk=7700a4d45d5c3fec
Software Engineer - Python RPA,Post Acute Analytics,"Lewisville, TX",https://www.indeed.com/viewjob?jk=9bbac57aed240677
Software Engineer,"CSG Actuarial, LLC","Omaha, NE",https://www.indeed.com/viewjob?jk=3772d8327ea6e22a
Analytics Internship IT (Summer 2021),Conagra Brands,"Omaha, NE",https://www.indeed.com/viewjob?jk=b5f1cffbd57d99ab
Python Developer Intern,DevCool Inc.,Remote,https://www.indeed.com/viewjob?jk=a8958feb8c59aff7
Python Developer,Clerysys Inc,Remote,https://www.indeed.com/viewjob?jk=697ad2944526a81e
"Entry Level Business Analyst: San Francisco, CA",Agama Solutions,"San Francisco, CA",https://www.indeed.com/viewjob?jk=7b7fe159be09fd0b
"Entry Level Business Analyst: San Francisco, CA",Agama Solutions,"San Francisco, CA",https://www.indeed.com/viewjob?jk=7b7fe159be09fd0b
Python Developer (Spark) - W2/ Fulltime,Spotline Inc,Remote,https://www.indeed.com/viewjob?jk=827881b3b0f34742
Data Analyst Intern,PayPal,"Omaha, NE",https://www.indeed.com/viewjob?jk=32a6ca0100d10ed7
Software Engineer,University of Nebraska at Omaha,"Omaha, NE",https://www.indeed.com/viewjob?jk=8aab533baa9dc3ca
Data Analyst Intern (Summer 2021),Panasonic Corporation of North America,"Denver, CO",https://www.indeed.com/viewjob?jk=882450bf3eb30b50
RESEARCHER,Evident Change,Remote,https://www.indeed.com/viewjob?jk=e015873b18d9a904
Software Engineer - Python,Indeed,"Austin, TX",https://www.indeed.com/viewjob?jk=3477d9d21994e481
Data Scientist (all levels),Cascade Data Labs,"Portland, OR",https://www.indeed.com/viewjob?jk=8a0f22de0e203dea
Mid-Level Python Developer,HEXACT,Remote,https://www.indeed.com/viewjob?jk=b38c72a0024ad418
Python Developer,Cystems Logic Inc.,"Mountain View, CA",https://www.indeed.com/viewjob?jk=c2613fe16582ed85
"Python / Splunk Developer (Brampton,Canada)",CBL SOLUTIONS INC,"Brampton, ND",https://www.indeed.com/viewjob?jk=c4544cb83873e27c
"Software Developer - Python, C++",CentralSquare Technologies,"Sioux Falls, SD",https://www.indeed.com/viewjob?jk=4d025a8e8d6cb07f
Python Developer Intern,HiPaaS Inc,"Pleasanton, CA",https://www.indeed.com/viewjob?jk=59edd249cc48d434
Python Developer Trainee,Cndro,"Houston, TX",https://www.indeed.com/viewjob?jk=0cf2026f52be6bc9
Full Stack Python Developer,MARS Group,"Milwaukee, WI",https://www.indeed.com/viewjob?jk=7e3818234ae347a1
Python Automation Engineer,SPANIDEA SYSTEMS,"San Francisco Bay Area, CA",https://www.indeed.com/viewjob?jk=dd8b5c13b32be639
Python Developer,Cystems Logic INC,"Mountain View, CA",https://www.indeed.com/viewjob?jk=8dd9a2514b167b13
Python & Django,Launch Potato,Florida,https://www.indeed.com/viewjob?jk=eed0b5a7daa1ac2d
Java/Python Support Engineer,ibrain Technologies Inc,"Phoenix, AZ",https://www.indeed.com/viewjob?jk=702cf9565e474ea5
"Senior Financial Analyst/Associate, Global FP&A",Prologis,"Denver, CO",https://www.indeed.com/viewjob?jk=de54c536d1cf0133
Python Developer,HiPaaS Inc,"Pleasanton, CA",https://www.indeed.com/viewjob?jk=ffce22e9996165c4
Sr. Python Data Engineer,CLS Bank International,"Washington, DC",https://www.indeed.com/viewjob?jk=46c5372e6cc34fa0
Full Stack Developer,Kordspace,"Portland, OR",https://www.indeed.com/viewjob?jk=9f985549be113578
Python Developer,Swan Software Solutions,"Carmel, IN",https://www.indeed.com/viewjob?jk=32eaa9e1e80e8c5d
R Programmer,Clinovo,"Menlo Park, CA",https://www.indeed.com/viewjob?jk=c8bd3925a5c29333
"Grapher, Activity Specialist","Amplify Education, Inc.",United States,https://www.indeed.com/viewjob?jk=93c390b422001e1b
Metasearch Analyst,Sojern,"Omaha, NE",https://www.indeed.com/viewjob?jk=489096083d60cc79
QML/Python UI Development Engineer (QML),UNIDIA LLC,"Raleigh, NC",https://www.indeed.com/viewjob?jk=eecbb395cd216f9d
Python Developer,Haven Life,"New York, NY",https://www.indeed.com/viewjob?jk=76e3d487f1732642
GIS Technician,Bolton and Menk Inc.,"Burnsville, MN",https://www.indeed.com/viewjob?jk=179833d38059f6d5
"Launch Internship, Summer 2021 - Location Flexible",Dropbox,California,https://www.indeed.com/viewjob?jk=c95324f57292851a
Software Engineer - Python,Nidish LLC,Remote,https://www.indeed.com/viewjob?jk=6857bf4d025cb4dd
Jr. Data Analyst,Datawiz,"Chantilly, VA",https://www.indeed.com/viewjob?jk=cece09a2d53c5563
SAP Next Talent- Rotational Program - 2021 Grads,SAP,"Palo Alto, CA",https://www.indeed.com/viewjob?jk=94c8f43676da6a0d
Fermentation Technology Lead,Cargill,"Blair, NE",https://www.indeed.com/viewjob?jk=c7a7d1d7d540b11a
Python Developer,Software Technology Group,"Lehi, UT",https://www.indeed.com/viewjob?jk=b4da54735dc2312c
Python Developer,TTS Solutions Inc,"Cambridge, MA",https://www.indeed.com/viewjob?jk=ce8a4e537ad23f42
Python Developer,Avancer Corporation,"Minneapolis, MN",https://www.indeed.com/viewjob?jk=3458229a5a8484c2
Data Scientist,Bellese Technologies,Remote,https://www.indeed.com/viewjob?jk=73b4caed964a1121
"Strategy Associate, YouTube",YouTube,"New York, NY",https://www.indeed.com/viewjob?jk=11a98d95d39d600f
Data Engineering Intern (Virtual) - Summer 2021,Backcountry,"Park City, UT",https://www.indeed.com/viewjob?jk=90b2e2db8c673421
Cloud Engineer I or II - AWS Enablement Team,Mutual of Omaha,"Omaha, NE",https://www.indeed.com/viewjob?jk=4695833ef4e4c651
Online Scratch/Python Remote Instructor,Nature Preschool Center,"Austin, TX",https://www.indeed.com/viewjob?jk=e820ca49ce8b0464
Quality Assurance Engineer,"RightHook, Inc.",Remote,https://www.indeed.com/viewjob?jk=1ca4ed97794c3560
BI Analyst,"Medical Solutions, LLC","Omaha, NE",https://www.indeed.com/viewjob?jk=b3a7963573fbf8e7
FullStack (Python+React) Developer,DataArt,Remote,https://www.indeed.com/viewjob?jk=e64568ae21227ffa
Python Developer,LT Technology Services,"Hillsboro, OR",https://www.indeed.com/viewjob?jk=9dfb3efc7adc2d63
"Associate Global Practice Specialist, Global Practice Specialist I,II MEL (Grades 7-9))",DAI,United States,https://www.indeed.com/viewjob?jk=12d21baacaa7e5f4
"Intern, Analytics - (PAID)",GQRR,"Washington, DC",https://www.indeed.com/viewjob?jk=5fe07b76e3e2c347
Senior Python/Django Developer,AppEvolve,"Boise, ID",https://www.indeed.com/viewjob?jk=fb4c461293ad0c7c
Cloud Engineer I or II - AWS Enablement Team,Mutual of Omaha,"Omaha, NE",https://www.indeed.com/viewjob?jk=4695833ef4e4c651
Online Scratch/Python Remote Instructor,Nature Preschool Center,"Austin, TX",https://www.indeed.com/viewjob?jk=e820ca49ce8b0464
BHJOB15656_15684 - Python Developer,Myticas Consulting,"Chicago, IL",https://www.indeed.com/viewjob?jk=979d8590d97c8d19
Quality Assurance Engineer,"RightHook, Inc.",Remote,https://www.indeed.com/viewjob?jk=1ca4ed97794c3560
BI Analyst,"Medical Solutions, LLC","Omaha, NE",https://www.indeed.com/viewjob?jk=b3a7963573fbf8e7
FullStack (Python+React) Developer,DataArt,Remote,https://www.indeed.com/viewjob?jk=e64568ae21227ffa
Python Developer,LT Technology Services,"Hillsboro, OR",https://www.indeed.com/viewjob?jk=9dfb3efc7adc2d63
"Associate Global Practice Specialist, Global Practice Specialist I,II MEL (Grades 7-9))",DAI,United States,https://www.indeed.com/viewjob?jk=12d21baacaa7e5f4
"Intern, Analytics - (PAID)",GQRR,"Washington, DC",https://www.indeed.com/viewjob?jk=5fe07b76e3e2c347
Sr. Software Engineer - Fullstack Python,Indeed,"Austin, TX",https://www.indeed.com/viewjob?jk=911fb79579897f94
$130k | Python Data Engineer | Remote'ish,Vaco,"Nashville, TN",https://www.indeed.com/viewjob?jk=77908a3c4d69c1d4
Web Technologies Instructor,"AIM Institute, Inc.","Omaha, NE",https://www.indeed.com/viewjob?jk=b9be91acd7a9c5b5
Sr. Software Engineer - Python,Indeed,"Austin, TX",https://www.indeed.com/viewjob?jk=2528e61c9c2f0b6d
Python Developer,Cresttek LLC,"Troy, MI",https://www.indeed.com/viewjob?jk=b7195effd54560bf
Program Analyst,"Fiserv, Inc.","Omaha, NE",https://www.indeed.com/viewjob?jk=e06fbd31e568f182
Python Developer,World.com,"New York, NY",https://www.indeed.com/viewjob?jk=687f240976ebd580
Respawn Analytics Intern,Electronic Arts,"Los Angeles, CA",https://www.indeed.com/viewjob?jk=0d780dd7c3d2422c
Junior Software Developer,Frontdesk,Remote,https://www.indeed.com/viewjob?jk=174d9b9969224af1
Senior Python Developer,Solution Street,"Herndon, VA",https://www.indeed.com/viewjob?jk=0ff3311e043547b4
Applied Biomechanics Researcher,Apple,"Santa Clara Valley, CA",https://www.indeed.com/viewjob?jk=11a6171d3c5db55c
Python Backend Engineer (Remote),EveryoneSocial,Texas,https://www.indeed.com/viewjob?jk=3a46c04551ab7abf
Python Developer,TekTalentInc,"Columbus, OH",https://www.indeed.com/viewjob?jk=57124aadf91d2d30
"Senior SRE Engineer Devops - Remote (skills- Python,AWS stack )",SSIT Inc,California,https://www.indeed.com/viewjob?jk=08cac24219e972d9
HL7 Developer with Python,CLS Bank International,"Jersey City, NJ",https://www.indeed.com/viewjob?jk=278e5449a5450a5d
"C++, Python Engineer","JPMorgan Chase Bank, N.A.","New York, NY",https://www.indeed.com/viewjob?jk=49b0bacaebb3f08d
"Intern, Resource Watch",World Resources Institute,"Washington, DC",https://www.indeed.com/viewjob?jk=4f4678c12fd0516a
Computer Coding Instructor (Internship),Code Super Powers,Remote,https://www.indeed.com/viewjob?jk=9c77a0d9685c22fd
Associate Data Analyst,Optoro,"Washington, DC",https://www.indeed.com/viewjob?jk=3463ba1a6dc0e48a
Consulting Professors,Saylor Academy,Remote,https://www.indeed.com/viewjob?jk=edb0eb6a7ba31772
Senior Python Developer,"InMotion Software, LLC","Austin, TX",https://www.indeed.com/viewjob?jk=614bc4b47f6107f4
Security Engineer III - Identity Management (IAM),Modernagile Technologies,"Arizona, TX",https://www.indeed.com/viewjob?jk=b5cf049d03270509
Entry Level CFD Simulation Analyst / Engineer,"Clark, Richardson and Biskup Consulting Engineers,...","Denver, CO",https://www.indeed.com/viewjob?jk=251b36e7c926e59c
Graduate Intern or Entry Level role IT,Mechanism Wellness,Remote,https://www.indeed.com/viewjob?jk=7d2c51360f4a91fc
AWS + Python Developer,Kani Solutions Inc.,"Hartford, CT",https://www.indeed.com/viewjob?jk=8a4ea8f4e8014a09
Rotational Risk Specialist,Gavilon,"Omaha, NE",https://www.indeed.com/viewjob?jk=46077fe9d253d3c2
Associate Data Scientist,Schrödinger,"Portland, OR",https://www.indeed.com/viewjob?jk=85c3d4fc88c9e7c3
Python Engineer,Ciitizen Corporation,"Palo Alto, CA",https://www.indeed.com/viewjob?jk=3b3eee695881d8ef
Data Engineer,Physicians Mutual,"Omaha, NE",https://www.indeed.com/viewjob?jk=56a31a6d16cb3b85
Software Developer - Python and Django,Peach,Remote,https://www.indeed.com/viewjob?jk=1b0f675412285591
Senior Python Developer,FriendFinder Networks,"Campbell, CA",https://www.indeed.com/viewjob?jk=ffc7a1413302ac79
DevOps Intern,3S Technologies LLC,Remote,https://www.indeed.com/viewjob?jk=02287d0eccbaf530
Mainframe Developer with JCL scripting (w2 only),Infolob,"Omaha, NE",https://www.indeed.com/viewjob?jk=9274e56b390eee34
Java / Python Tutors,"SAM Consulting Services, Inc.","New York, NY",https://www.indeed.com/viewjob?jk=6dd414e5bf2653aa
Chief of Staff,ClipboardHealth,United States,https://www.indeed.com/viewjob?jk=f99a9f75a948466c
Support Opportunities,RStudio,"Seattle, WA",https://www.indeed.com/viewjob?jk=2c26339484d5141f
Python Workflows Developer (Balsam),ASRC Federal Holding Company,"Chicago, IL",https://www.indeed.com/viewjob?jk=fd441e331eb3e9cd
Statistician/Data Scientist,Intel,"Hillsboro, OR",https://www.indeed.com/viewjob?jk=28fa52802a412b68
Python Developer,KIBO,"Denver, CO",https://www.indeed.com/viewjob?jk=57ce1786e9a476b7
Python Developer (w2 only),Infolob,Remote,https://www.indeed.com/viewjob?jk=1b7ee070894bf1fb
Python Automation Enineer,Park Computer Systems Inc,"Newark, CA",https://www.indeed.com/viewjob?jk=5ccfd3bd8c2a34bd
Sr. Python Developer,Cozy Systems Inc,"Alpharetta, GA",https://www.indeed.com/viewjob?jk=dfcba3e10fec67e6
"Sr Cloud Engineer- Airflow, Python, Golang, and AWS",iCloudNexus,"San Jose, CA",https://www.indeed.com/viewjob?jk=f96070c29a03add2
"Full Time Sr. Data Scientist/Algorithm Engineer - Irvine, Ca",11Health and Technologies Inc,"Orange County, CA",https://www.indeed.com/viewjob?jk=bd5b5c645f9c9adc
GIS / Python Developer - Sr Level,EDR Technology,"Memphis, TN",https://www.indeed.com/viewjob?jk=33208aaadde0439c
Senior Software Engineer,"Byte Federal, Inc.","Venice, FL",https://www.indeed.com/viewjob?jk=98760759649d5a72
(Senior) Design Engineer,Black Sesame Technologies Inc,"San Jose, CA",https://www.indeed.com/viewjob?jk=5665361d2cb8c34e
Healthcare Data Integration ETL Developer,Invistics,"Peachtree Corners, GA",https://www.indeed.com/viewjob?jk=cf3c607f0b42c42d
Data Engineer,HTI Labs,"Omaha, NE",https://www.indeed.com/viewjob?jk=5ffff26a2a2285cc
Growth Analyst,Pillar Staffing Solutions,"Los Angeles, CA",https://www.indeed.com/viewjob?jk=e21cb4de3500ca0c
Autopilot - Deep Learning Internship (Summer 2021),Tesla,"Palo Alto, CA",https://www.indeed.com/viewjob?jk=e8ca5651c773947b
Undergraduate Summer Intern,Intel,"Phoenix, AZ",https://www.indeed.com/viewjob?jk=f3c01fdba66ae4c0
"Strategy Associate, YouTube",YouTube,"New York, NY",https://www.indeed.com/viewjob?jk=11a98d95d39d600f
Entry Level Software Development (OPT/STEM) @ Texas,Neo Prism Solutions,"Dallas, TX",https://www.indeed.com/viewjob?jk=38798152e9152fa5
Senior Python Developer,OMBU,"Portland, OR",https://www.indeed.com/viewjob?jk=d13b06d1113de40c
Sr. Python Developer,Catalyte Inc,United States,https://www.indeed.com/viewjob?jk=a963cd4f1e75df97
Python Technical Lead (Need GC /USC)(Contract-W2)),CBL SOLUTIONS INC,Remote,https://www.indeed.com/viewjob?jk=defd923aa3a3dd6e
Ansible Engineer,"Altitude Technology Consulting, LLC",Remote,https://www.indeed.com/viewjob?jk=b6a481bce8267fd8
Python Data Engineer,RiskSpan,"Tysons Corner, VA",https://www.indeed.com/viewjob?jk=ecf57cee51491a43
Python Developer,Phrasee,Remote,https://www.indeed.com/viewjob?jk=085a511b377e3ecb
Data Science Intern,Galvanize Inc.,"Denver, CO",https://www.indeed.com/viewjob?jk=fe26af4ea021d460
Analytics Intern,Chubb,United States,https://www.indeed.com/viewjob?jk=31192e54adfa22f4
Sr. Software Engineer - Python,"Tenable, Inc",Remote,https://www.indeed.com/viewjob?jk=6aaee3d95201964d
Computational Biology Intern,Schrödinger,"New York, NY",https://www.indeed.com/viewjob?jk=c127fc61a3e2d2ba
Content Specialist,BRIGHT.MD,Remote,https://www.indeed.com/viewjob?jk=1ae75b340a59e3ae
Python Developer,CBL SOLUTIONS INC,"Santa Clara, CA",https://www.indeed.com/viewjob?jk=cbc2be77859e4d4f
AWS DevOps,DXC Technology,"California, MD",https://www.indeed.com/viewjob?jk=6c6b7a2decb5059c
Software Engineer - Enterprise Team (Front-End),Indeed,Remote,https://www.indeed.com/viewjob?jk=8c972fde37cfd4b0
"MACHINE LEARNING ENGINEER - PYTHON, TENSORFLOW",InspiHER Tech,United States,https://www.indeed.com/viewjob?jk=a754b1fae51c41d2
Computational Biologist,Envisagenics,"New York, NY",https://www.indeed.com/viewjob?jk=4a8ffc3973f53e4d
Technology Linguist,"Sensory, Inc","Boulder, CO",https://www.indeed.com/viewjob?jk=e6dbf680b0931263
Backend Developer - Python,Enterprise Knowledge (EK),"Arlington, VA",https://www.indeed.com/viewjob?jk=3f97591629eee9bf
Data Integration Engineer,"Carson Group Holdings, LLC","Omaha, NE",https://www.indeed.com/viewjob?jk=c37a3d84983cf43d
Data Scientist,HTI Labs,"Omaha, NE",https://www.indeed.com/viewjob?jk=407bdfce2af66518
Asset Listing Researcher,Coinbase,Remote,https://www.indeed.com/viewjob?jk=c36db3b4cb0564ff
Manual Tester,HCL Americas,"Seattle, WA",https://www.indeed.com/viewjob?jk=8dfe6b52974150c7
Software Engineer,The Walt Disney Studios,"Glendale, CA",https://www.indeed.com/viewjob?jk=7edec85bfd9c333c
QA Engineer Manual with Python,Pinnacle Alliances,"Herndon, VA",https://www.indeed.com/viewjob?jk=eb6074b794c3842c
Field Support Engineer,MicroSilicon Inc,"Houston, TX",https://www.indeed.com/viewjob?jk=b94aa849316ddc1f
Geospatial Analysts,Constellation West,"Offutt AFB, NE",https://www.indeed.com/viewjob?jk=c7539d44ecc8a0f0
Associate Quantitative Researcher,Man Group,"Boston, MA",https://www.indeed.com/viewjob?jk=640f5328fcecd99e
Penetration Testing Trainee (Remote USA),BreachLock,"Florida, NY",https://www.indeed.com/viewjob?jk=487b30db63184515
"Data Security Admin (AWS, Python, Data Privacy and Protection)",DSMH LLC,"Peoria, IL",https://www.indeed.com/viewjob?jk=dcaca2c385cd954f
"Python Developer | Richmond, VA (Remote until 2021)",iknowvate technologies,"Richmond, VA",https://www.indeed.com/viewjob?jk=5a9a0ac14d0aaba7
Software Development Engineer: Entry-Level,Qumulo,"Seattle, WA",https://www.indeed.com/viewjob?jk=a464836007684399
Data Analyst (Early Stage Startup),Atomic,Remote,https://www.indeed.com/viewjob?jk=518e165b7f9f8073
Python Developer,WSP USA,"San Francisco, CA",https://www.indeed.com/viewjob?jk=f3705a00388fbaea
Back End Engineer ( Python / Panda),Modus Create,"New York, NY",https://www.indeed.com/viewjob?jk=07c8749c44290548
Environmental Program Consultant,State of North Carolina,"Wake County, NC",https://www.indeed.com/viewjob?jk=81789f50dff551c0
Data Analytics Mentor,Pathrise,Remote,https://www.indeed.com/viewjob?jk=7b5f2ef9969cedac
Software Engineer Intern,PayPal,"Omaha, NE",https://www.indeed.com/viewjob?jk=2f3de9bc7a9eae76
Quantitative Trader - Entry Level,Avatar Securities,"Chicago, IL",https://www.indeed.com/viewjob?jk=d01efa8dad29efdc
IT Internship,NPower,"Jersey City, NJ",https://www.indeed.com/viewjob?jk=3576f92a560e7270
Senior Python Developer,Eastbanc Technologies,"Washington, DC",https://www.indeed.com/viewjob?jk=403e2a3f39b99663
Python Developer,Cresttek Alten,"Farmington Hills, MI",https://www.indeed.com/viewjob?jk=4a4ba79fdc0f513a
Business Analyst (Part-Time),Integra Partners,Remote,https://www.indeed.com/viewjob?jk=574afafb71698e29
Full Stack Developer (PHP and/or Python development)-Remote,Bryant Staffing Solutions,"New York, NY",https://www.indeed.com/viewjob?jk=afd3923edca77245
Sr. Python Dev SF Bay Only,HotJobsAlert,"San Jose, CA",https://www.indeed.com/viewjob?jk=f8d723ec0e58d5b8
Platform Engineer,"Faraday, Inc.","Burlington, VT",https://www.indeed.com/viewjob?jk=72aef3d8be0cab98
Product Science - Growth and Monetization,Indeed,"Austin, TX",https://www.indeed.com/viewjob?jk=62bb3507c61438ac
IT Internship,NPower,"Jersey City, NJ",https://www.indeed.com/viewjob?jk=3576f92a560e7270
Senior Python Developer,Eastbanc Technologies,"Washington, DC",https://www.indeed.com/viewjob?jk=403e2a3f39b99663
Python Developer,Cresttek Alten,"Farmington Hills, MI",https://www.indeed.com/viewjob?jk=4a4ba79fdc0f513a
Business Analyst (Part-Time),Integra Partners,Remote,https://www.indeed.com/viewjob?jk=574afafb71698e29
Full Stack Developer (PHP and/or Python development)-Remote,Bryant Staffing Solutions,"New York, NY",https://www.indeed.com/viewjob?jk=afd3923edca77245
Senior Python Cloud Developer,"Virtasant, Inc. - Austin","Austin, TX",https://www.indeed.com/viewjob?jk=2d6582d01d97f618
Bioinformatics Programer I/II,"Monoceros Biosystems, LLC","San Diego, CA",https://www.indeed.com/viewjob?jk=6f5f8a6b5e4836b0
SPEECH PROCESSING ENGINEER,Eduworks Corporation,"Corvallis, OR",https://www.indeed.com/viewjob?jk=7bd7146073999ce5
Front End Developer,White Castle Roofing,"Roca, NE",https://www.indeed.com/viewjob?jk=6b98a2a94fc70ea2
"SVP, Engineering",Tracer,"New York, NY",https://www.indeed.com/viewjob?jk=e78b3439942c5652
Python/Java Tutor(experiences with USACO),Enlighten Group LLC,"New York, NY",https://www.indeed.com/viewjob?jk=b9c62c8be3736aa8
Python Developer,FlairTech Solutions LLC,"Fairfield, CA",https://www.indeed.com/viewjob?jk=5a701b677015c078
Software Engineer,Alooba,"San Jose, CA",https://www.indeed.com/viewjob?jk=d6a8dc8105cc8713
Data Analyst Intern Job,AGCO,"Champaign, IL",https://www.indeed.com/viewjob?jk=d449b335d6851e4b
Algorithmic Trader / Developper,Quadency,"New York, NY",https://www.indeed.com/viewjob?jk=aa5952beabfb4f29
CONGRESSIONAL COMMITTEE RESEARCH ASSISTANT,United States Senate,"Washington, DC",https://www.indeed.com/viewjob?jk=487c0220112c6fd2
( Optum RX ) Sql / Python / Tableau Report Consultant - Telecommute,UnitedHealth Group,"Eden Prairie, MN",https://www.indeed.com/viewjob?jk=7e98f38cb0326e5d
Internship - Automation Test Engineer,Physicians Mutual,"Omaha, NE",https://www.indeed.com/viewjob?jk=ab21dae06748f242
Quantitative Trading Intern,ThinkMarkets - North America,"Chicago, IL",https://www.indeed.com/viewjob?jk=9bf963dcda82340c
Computational Linguist,Artifact,"Los Angeles, CA",https://www.indeed.com/viewjob?jk=b44d50c82d8d4cfe
"Entry Level Software Developer [Cleveland or Akron, OH]",Cohen & Company,"Cleveland, OH",https://www.indeed.com/viewjob?jk=6df81352eff6e2da
Software Engineer,Workiva,"Ames, IA",https://www.indeed.com/viewjob?jk=aadd7bbf92f6469a
"Analyst( Python, NLP)",TCS,"Pittsburgh, PA",https://www.indeed.com/viewjob?jk=8d7e556d70c9b7e7
Transportation Data Analyst,EBP US,"Boston, MA",https://www.indeed.com/viewjob?jk=ad3eb571e8a624fc
Software Applications Developer,Woodland Scenics,"Linn Creek, MO",https://www.indeed.com/viewjob?jk=cc42868400404223
Principal Software Engineer (Java/Python),VividCloud,"Boston, MA",https://www.indeed.com/viewjob?jk=6d94c539bf8f0340
Junior Full Stack Developer,Dimagi,"Cambridge, MA",https://www.indeed.com/viewjob?jk=2edf87203bb12763
Summer Intern - Project 2 - Environmental Health and School Achievement for California’s Children,Public Policy Institute of California,"San Francisco, CA",https://www.indeed.com/viewjob?jk=b3a45ed0baf7655d
Entry Level Data Analyst,Hopjump,"Cambridge, MA",https://www.indeed.com/viewjob?jk=6ceb169f5c93de6c
Python Developer,VA Boston Healthcare System,"Boston, MA",https://www.indeed.com/viewjob?jk=985743df49f71630
Python Programmer Analyst,Lipscomb University,"Nashville, TN",https://www.indeed.com/viewjob?jk=eee32cc0b68d15ea
Research and Analytics Assistant,Working America Associa,"Philadelphia, PA",https://www.indeed.com/viewjob?jk=ca518e9f5a7738ee
Desktop Technician,"Home Instead, Inc.","Omaha, NE",https://www.indeed.com/viewjob?jk=adb4c8bff92bb18e
"NBC News Digital Technology Internships – Summer 2021, Remote",NBCUniversal,Remote,https://www.indeed.com/viewjob?jk=e887164e25483c09
"Coordinator, Sport Performance",USA Baseball,"Cary, NC",https://www.indeed.com/viewjob?jk=76b655680e4ea611
Technical Writer I Intern,Amazon.com Services LLC,"Seattle, WA",https://www.indeed.com/viewjob?jk=9f8be62c9ca38952
Dashboard Engineer and Business Analyst,Praxis Metrics,Remote,https://www.indeed.com/viewjob?jk=b805de8d925f819d
Augmented Reality / Virtual Reality - Summer Internship 2021,GLOBALFOUNDRIES,"East Fishkill, NY",https://www.indeed.com/viewjob?jk=987f486a5af93528
People Analytics Intern,ChilliConnect,"Austin, TX",https://www.indeed.com/viewjob?jk=190d21b973131037
Energy and Sustainability Researcher,ICF,"Arlington, VA",https://www.indeed.com/viewjob?jk=b0028a604c3a85b0
Quantitative Operations Analyst,Global Sigma Group,"Boca Raton, FL",https://www.indeed.com/viewjob?jk=17914a71381c2544
Python Developer,Green computdr inc,"Sterling Heights, MI",https://www.indeed.com/viewjob?jk=20e7eed00a34d7c4
Python/Spark Developer,"Web Solutions Consulting, Inc.","Texas City, TX",https://www.indeed.com/viewjob?jk=98de4cde4d97b697
Core Solutions Engineer - Intern (Denver or Atlanta),Twilio,"Atlanta, GA",https://www.indeed.com/viewjob?jk=7633e541848503d1
FinTech Start Up looking for Operations Intern - Visa Sponsorship,Fluz,"New York, NY",https://www.indeed.com/viewjob?jk=22411c78b0830e79
ETL Developer (SAS/Python),IT Data Solutions,Remote,https://www.indeed.com/viewjob?jk=1abc52d8890c72ea
Terraform AWS Engineer,WONESE INC,"Richardson, TX",https://www.indeed.com/viewjob?jk=3bf4d3cc0dda8dee
Looking for Automation Tester with Python Exp*,Tekskills Inc,"Sunnyvale, CA",https://www.indeed.com/viewjob?jk=f366a4cfead2a66e
Office 365 Engineer,Feuji,Remote,https://www.indeed.com/viewjob?jk=0aaaed7b95546459
GIS Specialist,Golder Associates,"Lakewood, CO",https://www.indeed.com/viewjob?jk=20d36d81157d580f
