Position, Company, Location, URL라인프렌즈 2022년 각 부문 수시의 전체 세부 정보,라인프렌즈,서울 용산구,https://kr.indeed.com/rc/clk?jk=1015284880e2ff62&fccid=b6f22bcb6078a2c4&vjs=3
[ICT] Data Scientist - 자연어처리[매니저]의 전체 세부 정보,현대자동차그룹,대한민국,https://kr.indeed.com/rc/clk?jk=cf99a4662ad1c936&fccid=980d6ecc399a3373&vjs=3
백엔드 개발자(Python)의 전체 세부 정보,NHN DATA,성남 판교역,https://kr.indeed.com/rc/clk?jk=e764b919165b8d3e&fccid=a72ebaf825acf7af&vjs=3
한국필립모리스 2022년 상반기 수시의 전체 세부 정보,한국필립모리스㈜,서울 영등포구,https://kr.indeed.com/rc/clk?jk=44e9ac7f0f94e784&fccid=fb7e65f74b012d18&vjs=3
Software Engineering Intern  2023의 전체 세부 정보,구글코리아,서울 강남구,https://kr.indeed.com/rc/clk?jk=c0d011e1bcca614a&fccid=28712efe9a7c8d8a&vjs=3
LINE Messaging Server Engineer NEW의 전체 세부 정보,LINE Plus corporation,대한민국,https://kr.indeed.com/rc/clk?jk=c3f58be0b4504f23&fccid=e90e80bc9ed9a53f&vjs=3
INTERN / AI Research Intern(Biology)의 전체 세부 정보,카카오브레인,성남 분당구,https://kr.indeed.com/rc/clk?jk=4c8d6ffc493b6509&fccid=cba3dd38afc6edb8&vjs=3
KB저축은행 경력직의 전체 세부 정보,KB저축은행,서울 송파구,https://kr.indeed.com/rc/clk?jk=e531b39ecff23e22&fccid=a638644439b34cff&vjs=3
22년 AI 특화 맞춤형 교육과정 교육생의 전체 세부 정보,인공지능산업융합사업단,광주광역시,https://kr.indeed.com/rc/clk?jk=5850cd84f2de9711&fccid=82d89a408e9c3565&vjs=3
Associate Consultant Intern의 전체 세부 정보,Mastercard,서울,https://kr.indeed.com/rc/clk?jk=acf53a07a0c4d06f&fccid=10b5c722d846df43&vjs=3
Customer Engineer  Data Analytics  Digital Natives의 전체 세부 정보,구글코리아,서울 강남구,https://kr.indeed.com/rc/clk?jk=033d5ec091d9df41&fccid=28712efe9a7c8d8a&vjs=3
통계·SAS 신입의 전체 세부 정보,에넬엑스코리아 유한회사,서울 중구,https://kr.indeed.com/rc/clk?jk=480348bb5469fc98&fccid=894b956e02cfcab7&vjs=3
[데브시스터즈] DevOps Engineer (신입)의 전체 세부 정보,데브시스터즈,서울 강남구,https://kr.indeed.com/rc/clk?jk=3058f7280a2e6644&fccid=58a9a803698a0afd&vjs=3
[NAVER Z] 데이터 엔지니어의 전체 세부 정보,네이버제트,성남 분당구,https://kr.indeed.com/rc/clk?jk=797b90fda1a1fedb&fccid=bc34e4450e078d19&vjs=3
Junior Data Scientist의 전체 세부 정보,Logistics Management Institute,서울,https://kr.indeed.com/rc/clk?jk=ffcab40699b79c6b&fccid=12626f295bf6a003&vjs=3
데이터 엔지니어 전문가의 전체 세부 정보,에스케이텔레콤,서울 중구,https://kr.indeed.com/rc/clk?jk=47703903b6e5f4c7&fccid=ce2f0f28b40a5be8&vjs=3
[신입] 서버 엔지니어 (Python)의 전체 세부 정보,페이히어,서울 강남구,https://kr.indeed.com/rc/clk?jk=fb69276e57f3c312&fccid=254f50a1adb01cad&vjs=3
[데브시스터즈] Data Analyst (Junior)의 전체 세부 정보,데브시스터즈,서울 강남구,https://kr.indeed.com/rc/clk?jk=9a5aa103c01ffb73&fccid=58a9a803698a0afd&vjs=3
[선행기술원] Quantum Information - 양자 알고리즘[책임연구원]의 전체 세부 정보,현대자동차그룹,성남 판교역,https://kr.indeed.com/rc/clk?jk=95bead20034b3ade&fccid=980d6ecc399a3373&vjs=3
2023 디지털 뱅킹 경력 핵심인력 공개의 전체 세부 정보,예가람저축은행,서울 강남구,https://kr.indeed.com/rc/clk?jk=3c3d9c02a3b2df85&fccid=1dc5bb74c94082d6&vjs=3
파이썬(python) 백엔드 개발자(산업기능요원 가능)의 전체 세부 정보,아토머스,서울 강남구,https://kr.indeed.com/rc/clk?jk=ac79bb88fd724489&fccid=660bbb21789ab63d&vjs=3
Business Data Analyst의 전체 세부 정보,AIA,서울,https://kr.indeed.com/rc/clk?jk=b8c69b58bc3fe70c&fccid=004041685e219574&vjs=3
DBMS 관리 신입사원 모집의 전체 세부 정보,교보문고,대한민국,https://kr.indeed.com/rc/clk?jk=32940d2f7bf43dd3&fccid=5ee9681e0c7c297b&vjs=3
딥러닝 통한 인공지능 솔루션 신입/경력 개발자의 전체 세부 정보,엘세븐시큐리티,서울 송파구,https://kr.indeed.com/rc/clk?jk=972c302b4b4cb1df&fccid=72880ee98034ba13&vjs=3
2023 Student Training in Engineering Program (STEP)의 전체 세부 정보,Google,서울,https://kr.indeed.com/rc/clk?jk=b89ff63eb6593d15&fccid=a5b4499d9e91a5c6&vjs=3
풀스택 개발자 (python  javascript  php  gis)의 전체 세부 정보,한국해양기상기술,서울 구로구,https://kr.indeed.com/rc/clk?jk=0efbb31d10aed4bd&fccid=9a116f00e73f6791&vjs=3
IT인프라 운영/관리 경력 채용의 전체 세부 정보,한화그룹,서울,https://kr.indeed.com/rc/clk?jk=634391b809381e67&fccid=bd0dc1817223394f&vjs=3
[외국계 스타트업 미소] Business Analyst Intern (정규직 전환형)의 전체 세부 정보,유한회사 미소,서울,https://kr.indeed.com/rc/clk?jk=4c25d6649f8434a8&fccid=02936474a8d39137&vjs=3
[AI Lab & Service] OCR 서비스 개발 인턴 영입의 전체 세부 정보,카카오엔터프라이즈,성남 분당구,https://kr.indeed.com/rc/clk?jk=f0e423cff23f5b39&fccid=e19aa33fc391b310&vjs=3
[양재역] AI/빅데이터 데이터분석(석 박사)의 전체 세부 정보,시니어앤파트너즈,서울 서초구,https://kr.indeed.com/rc/clk?jk=ce71e040d5a36470&fccid=59060ddcdf96b101&vjs=3
[사업개발그룹] 넥슨 현대카드 데이터분석 PM의 전체 세부 정보,Nexon,경기도 성남,https://kr.indeed.com/rc/clk?jk=4e32eb4c5bf55af0&fccid=aba87288e4cc3687&vjs=3
Infra Engineering의 전체 세부 정보,기아,서울 서초구,https://kr.indeed.com/rc/clk?jk=361d42ddd7495b1d&fccid=4407ef3f1668028b&vjs=3
2023년 제주관광공사 제1차 계약직 공개의 전체 세부 정보,제주관광공사,제주 제주시,https://kr.indeed.com/rc/clk?jk=a768cfbdbd5fba9e&fccid=fe1476cd85b45883&vjs=3
파이썬 개발자 초중급 이상의 전체 세부 정보,데이터앤솔루션,서울 서초구,https://kr.indeed.com/rc/clk?jk=d158e683dc0b7500&fccid=02f32b94107c54e3&vjs=3
Data Engineering의 전체 세부 정보,기아,서울 서초구,https://kr.indeed.com/rc/clk?jk=3dd64cf3cd49bd12&fccid=4407ef3f1668028b&vjs=3
[K디지털 트레이닝] 전액 국비지원 IT취업연계 교육 빅데이터  인공지능의 전체 세부 정보,중앙정보처리학원,서울 마포구,https://kr.indeed.com/rc/clk?jk=8eb2784e62502c5f&fccid=2f25bb139639ef63&vjs=3
(주)누리기술 신입 및 경력 프로그래머 (C++  Python)의 전체 세부 정보,누리기술,대구 수성구,https://kr.indeed.com/rc/clk?jk=9fb1bf156c419110&fccid=6bb693f7d22f2adc&vjs=3
[HYBE] 데이터분석의 전체 세부 정보,하이브,서울 용산구,https://kr.indeed.com/rc/clk?jk=d67a27d5fe57ede4&fccid=55c46c15186153ee&vjs=3
Machine Learning Engineer Intern - Korea의 전체 세부 정보,MOLOCO,서울,https://kr.indeed.com/rc/clk?jk=69d3cc2cca262747&fccid=27317bcae2b26fe5&vjs=3
[글로벌디지털마케팅] 데이터 분석 신입/경력 정규직의 전체 세부 정보,콘센트릭스서비스코리아,서울 강남구,https://kr.indeed.com/rc/clk?jk=7d0b292ab58142e6&fccid=7789b87d5d996c4a&vjs=3
한국행동과학연구소 각 부문 수시의 전체 세부 정보,한국행동과학연구소,서울 강남구,https://kr.indeed.com/rc/clk?jk=287a2f9783758916&fccid=bfea989faf5bd4e4&vjs=3
[인공지능기업] 병역특례 산업기능요원 (SW개발자)의 전체 세부 정보,머니브레인,서울,https://kr.indeed.com/rc/clk?jk=d3a6ba916d772b85&fccid=928e065b762ec631&vjs=3
고려대학교 SW보안연구소 공급망 보안분야 연구원의 전체 세부 정보,고려대학교,서울 성북구,https://kr.indeed.com/rc/clk?jk=99289345e213e2ed&fccid=b123e79ad788cb9a&vjs=3
FX의 전체 세부 정보,Mofac,서울 서초구,https://kr.indeed.com/rc/clk?jk=9214061c8bc345b2&fccid=6cddb172d498d15c&vjs=3
[선릉역] 데이터분석/연구자의 전체 세부 정보,시니어앤파트너즈,서울 강남구,https://kr.indeed.com/rc/clk?jk=1d9dae71a975d084&fccid=59060ddcdf96b101&vjs=3
Software Engineer (Junior  Embedded)의 전체 세부 정보,BOEING,서울,https://kr.indeed.com/rc/clk?jk=a3decfd5d0ec6159&fccid=edae4285faf6c2f0&vjs=3
Strategic Student Program Intern (Presales STS)의 전체 세부 정보,Siemens Digital Industries Software,서울,https://kr.indeed.com/rc/clk?jk=050b810420687c7f&fccid=a1b70704c350f800&vjs=3
[직원] 전산실 개발인력(경력)의 전체 세부 정보,법무법인 세종,서울 종로구,https://kr.indeed.com/rc/clk?jk=c150632e668a12fe&fccid=e7a9b371b1157df9&vjs=3
상시 인재 (IT 지원)의 전체 세부 정보,환인제약,서울 송파구,https://kr.indeed.com/rc/clk?jk=22cc8ed09bf47f1f&fccid=fb43834fbb50ff52&vjs=3
Operations Manager의 전체 세부 정보,Uber,서울,https://kr.indeed.com/rc/clk?jk=f915c9a9f8f8a554&fccid=f766f8bfbc3effb7&vjs=3
Software Engineer - Python and K8s의 전체 세부 정보,Canonical - Jobs,서울,https://kr.indeed.com/rc/clk?jk=9e154b5b00d09b31&fccid=3911cf63fc0692f4&vjs=3
Crypto Junior Trader의 전체 세부 정보,페어스퀘어랩,서울 서초구,https://kr.indeed.com/rc/clk?jk=be357044a45c03dd&fccid=a637ac3721025e50&vjs=3
백엔드 엔지니어 (Python/Javascript)의 전체 세부 정보,시스메틱,서울 영등포구,https://kr.indeed.com/rc/clk?jk=dc4b5e342e7ae6a0&fccid=6cc748c560420a2e&vjs=3
Data Scientist의 전체 세부 정보,Toss,서울,https://kr.indeed.com/rc/clk?jk=9cb8324539546a71&fccid=18c4935c8ec646d5&vjs=3
DeepLearning R&D Researcher의 전체 세부 정보,보이스루,서울 강남구,https://kr.indeed.com/rc/clk?jk=fe177462f79a3fab&fccid=47d3a5ed3c96e651&vjs=3
C/C++  Python 최적화 엔지니어의 전체 세부 정보,메디인테크,서울 종로구,https://kr.indeed.com/rc/clk?jk=878823dd887b22ad&fccid=4178395beb21535a&vjs=3
웹개발  Python 외 신입/경력의 전체 세부 정보,인생식당,천안 서북구,https://kr.indeed.com/rc/clk?jk=77f8a0ab6137163f&fccid=a9f3a2bebd34c3c4&vjs=3
Junior Software Engineer-Phantom Works Global.의 전체 세부 정보,BOEING,서울,https://kr.indeed.com/rc/clk?jk=56ec2c1390d0d46f&fccid=edae4285faf6c2f0&vjs=3
[(주)비아이매트릭스] 2023년도 신입의 전체 세부 정보,비아이매트릭스,서울 강남구,https://kr.indeed.com/rc/clk?jk=bfbc25324fbebc0c&fccid=f3fcdbdd85f462a6&vjs=3
[포티투마루] 인공지능(AI) 개발자 전 부문의 전체 세부 정보,포티투마루,서울 서초구,https://kr.indeed.com/rc/clk?jk=22ffe020e40de675&fccid=b6cebf2e7d619f07&vjs=3
HR데이터 분석 (People Analytics)[매니저  책임매니저]의 전체 세부 정보,현대자동차그룹,대한민국,https://kr.indeed.com/rc/clk?jk=40c2e6d8ddd57c0f&fccid=980d6ecc399a3373&vjs=3
2023 Software Engineering Intern의 전체 세부 정보,Google,서울,https://kr.indeed.com/rc/clk?jk=999b173120b8493d&fccid=a5b4499d9e91a5c6&vjs=3
Analog Design Engineer의 전체 세부 정보,Cirrus Logic,서울,https://kr.indeed.com/rc/clk?jk=d193999bb6d038d4&fccid=9fa86166624bd016&vjs=3
[신사업부문] Data Analytics 데이터분석가의 전체 세부 정보,한화그룹,서울,https://kr.indeed.com/rc/clk?jk=c17d8b2d3ea4a478&fccid=bd0dc1817223394f&vjs=3
[올라핀테크] 핀테크 플랫폼 Python(파이썬) 개발자의 전체 세부 정보,주식회사 올라핀테크 관심기업,서울 논현동,https://kr.indeed.com/rc/clk?jk=83afc0063130f3f2&fccid=ee9199e84b45d22f&vjs=3
클라우드 솔루션 아키텍트[연구원  책임연구원]의 전체 세부 정보,현대자동차그룹,대한민국,https://kr.indeed.com/rc/clk?jk=5859b13c42854f95&fccid=980d6ecc399a3373&vjs=3
데이터표준품질부문 경력직 (정규직)의 전체 세부 정보,한국정보기술단,서울 강남구,https://kr.indeed.com/rc/clk?jk=78b97e23de61aff9&fccid=99925e8e7b9604cc&vjs=3
[외국계상장사]데이터분석가(Data Analyst)의 전체 세부 정보,인코리아 프로페셔널,서울 강남구,https://kr.indeed.com/rc/clk?jk=7ad982fec3792221&fccid=842365965c1f45a0&vjs=3
그룹공동 마이데이터 분석 플랫폼(데이터분석가)의 전체 세부 정보,KB데이타시스템,서울 마포구,https://kr.indeed.com/rc/clk?jk=25b3c3e6a66bd77c&fccid=fe227fbd2afb9580&vjs=3
자율 주행  로봇 SW 개발자의 전체 세부 정보,에바,성남 수정구,https://kr.indeed.com/rc/clk?jk=e30fe92d72ceb17c&fccid=5cc87f5890bd7170&vjs=3
기술 인턴 인공지능 응용 연구/개발 인턴의 전체 세부 정보,써로마인드로보틱스,서울 관악구,https://kr.indeed.com/rc/clk?jk=71c47ac87bb4087e&fccid=230e414668234579&vjs=3
딥러닝 통한 인공지능 솔루션 개발자의 전체 세부 정보,엘세븐시큐리티,서울 송파구,https://kr.indeed.com/rc/clk?jk=554e814302b8a380&fccid=72880ee98034ba13&vjs=3
딥러닝 신입/경력 정규직의 전체 세부 정보,어밸브,서울 서초구,https://kr.indeed.com/rc/clk?jk=071c8d5b9ced8e9d&fccid=90e59c5d7146f2da&vjs=3
[ICT] Data Scientist - 제조부문 데이터 분석 모델 개발[매니저]의 전체 세부 정보,현대자동차그룹,대한민국,https://kr.indeed.com/rc/clk?jk=88a399e602bbdb58&fccid=980d6ecc399a3373&vjs=3
데이터플랫폼/기준정보 부문 경력의 전체 세부 정보,현대오토에버,서울 강남구,https://kr.indeed.com/rc/clk?jk=43153957c71542f6&fccid=d5a22a3e93377742&vjs=3
Full Stack Software Engineer (Python / Django / React),Trustworthy,Anywhere in the World,https://www.weworkremotely.com//remote-jobs/trustworthy-full-stack-software-engineer-python-django-react-1
Python Developer,lemon.io,Latin America Only/Europe Only/Canada Only,https://www.weworkremotely.com//remote-jobs/lemon-io-python-developer-3
Senior Open Source Developer & DevOps (Python  Django  React  AWS/OpenStack),OpenCraft,Anywhere in the World,https://www.weworkremotely.com//remote-jobs/opencraft-senior-open-source-developer-devops-python-django-react-aws-openstack
Senior Python Engineer: Long-term job - 100% remote,Proxify AB,Anywhere in the World,https://www.weworkremotely.com//remote-jobs/proxify-ab-senior-python-engineer-long-term-job-100-remote
(Senior) Python Full Stack Software Developer,Optimile,Europe Only,https://www.weworkremotely.com//remote-jobs/optimile-senior-python-full-stack-software-developer
Senior Full-stack Engineer with Python,NannyML,Anywhere in the World,https://www.weworkremotely.com//remote-jobs/nannyml-senior-full-stack-engineer-with-python
Python Engineer (Web Scraping),Shake,Anywhere in the World,https://www.weworkremotely.com//remote-jobs/shake-python-engineer-web-scraping
Senior Software Engineer  Python,AssemblyAI (YC 17),Anywhere in the World,https://www.weworkremotely.com//remote-jobs/assemblyai-yc-17-senior-software-engineer-python
Senior Python Developer - Full Remote ,Ebury,Latin America Only/Europe Only,https://www.weworkremotely.com//remote-jobs/ebury-senior-python-developer-full-remote-1
Python Platform Engineer,Doximity,Americas Only,https://www.weworkremotely.com//remote-jobs/doximity-python-platform-engineer
Développeur(e) de Python & Golang | Python & Golang Developer (Kubernetes),VEXXHOST  Inc.,Anywhere in the World,https://www.weworkremotely.com//remote-jobs/vexxhost-inc-developpeur-e-de-python-golang-python-golang-developer-kubernetes
